<?xml version="1.0" encoding="UTF-8"?>
<project-private xmlns="http://www.netbeans.org/ns/project-private/1">
    <editor-bookmarks xmlns="http://www.netbeans.org/ns/editor-bookmarks/2" lastBookmarkId="0"/>
    <open-files xmlns="http://www.netbeans.org/ns/projectui-open-files/2">
        <group>
            <file>file:/E:/Library%20Management%20System/Library%20Management%20System/src/LoginPage.java</file>
            <file>file:/E:/Library%20Management%20System/Library%20Management%20System/src/Remove_Books.java</file>
            <file>file:/E:/Library%20Management%20System/Library%20Management%20System/src/Books_Available.java</file>
            <file>file:/E:/Library%20Management%20System/Library%20Management%20System/src/Staff_Details.java</file>
            <file>file:/E:/Library%20Management%20System/Library%20Management%20System/src/Dashboard.java</file>
            <file>file:/E:/Library%20Management%20System/Library%20Management%20System/src/Add_Staff.java</file>
            <file>file:/E:/Library%20Management%20System/Library%20Management%20System/src/Add_Books.java</file>
        </group>
    </open-files>
</project-private>
